[{
    "img": "http://p0.meituan.net/codeman/050ce6754d32482c75273e292407f2b312356.png",
    "title": "火锅"
}, {
    "img": "http://p0.meituan.net/codeman/e5277d18a450c1fe51c6cda9cff6a9e016621.png",
    "title": "甜品饮品"
}, {
    "img": "http://p1.meituan.net/codeman/962b082a549e88f2939dbee2ac3d235613019.png",
    "title": "自助餐"
}, {
    "img": "http://p0.meituan.net/codeman/12ff749bd7fdf473abd59e2651a9ee1913684.png",
    "title": "小吃快餐"
}, {
    "img": "http://p0.meituan.net/codeman/0fe84029cc6cf6ccf12838ce6546734a16488.png",
    "title": "西餐"
}, {
    "img": "http://p0.meituan.net/codeman/2ae734d26259e6138ea61f2dcdac8fa115018.png",
    "title": "烧烤烤肉"
}, {
    "img": "http://p1.meituan.net/codeman/a7c360a9aeca1f972a1819465154c6b414043.png",
    "title": "香锅烤鱼"
}, {
    "img": "http://p1.meituan.net/codeman/13a0d1537d45b237a07b665eb5a7845e17141.png",
    "title": "海鲜"
}]